osm_id,height_m,n_pixels,lidar_project,collected
271391308,12.5,546,USGS_LPC_KS_Area1_2014_LAS_2015,2013-12/2014-01
326312415,5.0,50,USGS_LPC_KS_Area1_2014_LAS_2015,2013-12/2014-01
326312416,4.6,38,USGS_LPC_KS_Area1_2014_LAS_2015,2013-12/2014-01
326312741,4.4,89,USGS_LPC_KS_Area1_2014_LAS_2015,2013-12/2014-01
326312742,4.5,73,USGS_LPC_KS_Area1_2014_LAS_2015,2013-12/2014-01
326312743,8.2,221,USGS_LPC_KS_Area1_2014_LAS_2015,2013-12/2014-01
326312746,8.2,195,USGS_LPC_KS_Area1_2014_LAS_2015,2013-12/2014-01
582524832,3.2,79,USGS_LPC_KS_Area1_2014_LAS_2015,2013-12/2014-01
582524833,6.8,354,USGS_LPC_KS_Area1_2014_LAS_2015,2013-12/2014-01
582524834,7.3,195,USGS_LPC_KS_Area1_2014_LAS_2015,2013-12/2014-01
582524934,8.4,450,USGS_LPC_KS_Area1_2014_LAS_2015,2013-12/2014-01
582524935,4.5,317,USGS_LPC_KS_Area1_2014_LAS_2015,2013-12/2014-01
582524941,4.8,26,USGS_LPC_KS_Area1_2014_LAS_2015,2013-12/2014-01
582524942,5.2,56,USGS_LPC_KS_Area1_2014_LAS_2015,2013-12/2014-01
582524948,5.6,47,USGS_LPC_KS_Area1_2014_LAS_2015,2013-12/2014-01
582524949,6.1,123,USGS_LPC_KS_Area1_2014_LAS_2015,2013-12/2014-01
582524951,5.9,70,USGS_LPC_KS_Area1_2014_LAS_2015,2013-12/2014-01
582524952,5.3,50,USGS_LPC_KS_Area1_2014_LAS_2015,2013-12/2014-01
582524953,5.1,63,USGS_LPC_KS_Area1_2014_LAS_2015,2013-12/2014-01
582699806,5.6,157,USGS_LPC_KS_Area1_2014_LAS_2015,2013-12/2014-01
582699807,3.4,28,USGS_LPC_KS_Area1_2014_LAS_2015,2013-12/2014-01
582699808,5.4,42,USGS_LPC_KS_Area1_2014_LAS_2015,2013-12/2014-01
582699809,5.8,137,USGS_LPC_KS_Area1_2014_LAS_2015,2013-12/2014-01
582699810,5.6,75,USGS_LPC_KS_Area1_2014_LAS_2015,2013-12/2014-01
582699811,5.2,81,USGS_LPC_KS_Area1_2014_LAS_2015,2013-12/2014-01
582699812,6.8,68,USGS_LPC_KS_Area1_2014_LAS_2015,2013-12/2014-01
582699813,5.8,67,USGS_LPC_KS_Area1_2014_LAS_2015,2013-12/2014-01
582699814,7.3,231,USGS_LPC_KS_Area1_2014_LAS_2015,2013-12/2014-01
582699815,8.4,204,USGS_LPC_KS_Area1_2014_LAS_2015,2013-12/2014-01
582699816,5.6,142,USGS_LPC_KS_Area1_2014_LAS_2015,2013-12/2014-01
582699817,6.7,41,USGS_LPC_KS_Area1_2014_LAS_2015,2013-12/2014-01
582699818,6.0,252,USGS_LPC_KS_Area1_2014_LAS_2015,2013-12/2014-01
582699819,9.1,769,USGS_LPC_KS_Area1_2014_LAS_2015,2013-12/2014-01
582699820,6.4,182,USGS_LPC_KS_Area1_2014_LAS_2015,2013-12/2014-01
582699821,4.6,53,USGS_LPC_KS_Area1_2014_LAS_2015,2013-12/2014-01
582699822,7.0,277,USGS_LPC_KS_Area1_2014_LAS_2015,2013-12/2014-01
582699866,6.5,42,USGS_LPC_KS_Area1_2014_LAS_2015,2013-12/2014-01
582699867,5.8,64,USGS_LPC_KS_Area1_2014_LAS_2015,2013-12/2014-01
582699868,5.8,48,USGS_LPC_KS_Area1_2014_LAS_2015,2013-12/2014-01
582699869,6.5,192,USGS_LPC_KS_Area1_2014_LAS_2015,2013-12/2014-01
582699870,6.8,312,USGS_LPC_KS_Area1_2014_LAS_2015,2013-12/2014-01
582699871,6.0,120,USGS_LPC_KS_Area1_2014_LAS_2015,2013-12/2014-01
582699872,8.9,567,USGS_LPC_KS_Area1_2014_LAS_2015,2013-12/2014-01
582699873,5.8,81,USGS_LPC_KS_Area1_2014_LAS_2015,2013-12/2014-01
582699874,3.7,106,USGS_LPC_KS_Area1_2014_LAS_2015,2013-12/2014-01
582699875,5.4,167,USGS_LPC_KS_Area1_2014_LAS_2015,2013-12/2014-01
582699876,4.4,101,USGS_LPC_KS_Area1_2014_LAS_2015,2013-12/2014-01
582699877,11.4,209,USGS_LPC_KS_Area1_2014_LAS_2015,2013-12/2014-01
582699878,6.4,235,USGS_LPC_KS_Area1_2014_LAS_2015,2013-12/2014-01
582699879,5.3,174,USGS_LPC_KS_Area1_2014_LAS_2015,2013-12/2014-01
582699880,6.2,131,USGS_LPC_KS_Area1_2014_LAS_2015,2013-12/2014-01
582699881,6.4,408,USGS_LPC_KS_Area1_2014_LAS_2015,2013-12/2014-01
582699882,4.6,67,USGS_LPC_KS_Area1_2014_LAS_2015,2013-12/2014-01
582699883,5.4,39,USGS_LPC_KS_Area1_2014_LAS_2015,2013-12/2014-01
582699885,10.8,147,USGS_LPC_KS_Area1_2014_LAS_2015,2013-12/2014-01
582699886,5.8,254,USGS_LPC_KS_Area1_2014_LAS_2015,2013-12/2014-01
582699887,4.6,93,USGS_LPC_KS_Area1_2014_LAS_2015,2013-12/2014-01
582699888,4.3,190,USGS_LPC_KS_Area1_2014_LAS_2015,2013-12/2014-01
582699889,3.8,185,USGS_LPC_KS_Area1_2014_LAS_2015,2013-12/2014-01
582699893,7.5,213,USGS_LPC_KS_Area1_2014_LAS_2015,2013-12/2014-01
582699894,4.0,31,USGS_LPC_KS_Area1_2014_LAS_2015,2013-12/2014-01
582699895,4.6,21,USGS_LPC_KS_Area1_2014_LAS_2015,2013-12/2014-01
710770793,3.7,44,USGS_LPC_KS_Area1_2014_LAS_2015,2013-12/2014-01
919133291,3.3,45,USGS_LPC_KS_Area1_2014_LAS_2015,2013-12/2014-01
919133292,4.3,25,USGS_LPC_KS_Area1_2014_LAS_2015,2013-12/2014-01
919133293,4.3,80,USGS_LPC_KS_Area1_2014_LAS_2015,2013-12/2014-01
919133294,5.4,96,USGS_LPC_KS_Area1_2014_LAS_2015,2013-12/2014-01
930797970,5.6,47,USGS_LPC_KS_Area1_2014_LAS_2015,2013-12/2014-01
930797971,5.3,41,USGS_LPC_KS_Area1_2014_LAS_2015,2013-12/2014-01
930797972,4.9,44,USGS_LPC_KS_Area1_2014_LAS_2015,2013-12/2014-01
930797973,5.3,39,USGS_LPC_KS_Area1_2014_LAS_2015,2013-12/2014-01
930797974,5.9,43,USGS_LPC_KS_Area1_2014_LAS_2015,2013-12/2014-01
930797975,5.0,33,USGS_LPC_KS_Area1_2014_LAS_2015,2013-12/2014-01
930797976,5.3,40,USGS_LPC_KS_Area1_2014_LAS_2015,2013-12/2014-01
930797977,7.4,45,USGS_LPC_KS_Area1_2014_LAS_2015,2013-12/2014-01
930797978,5.3,43,USGS_LPC_KS_Area1_2014_LAS_2015,2013-12/2014-01
930797979,5.7,45,USGS_LPC_KS_Area1_2014_LAS_2015,2013-12/2014-01
930797980,6.1,46,USGS_LPC_KS_Area1_2014_LAS_2015,2013-12/2014-01
930797981,5.5,45,USGS_LPC_KS_Area1_2014_LAS_2015,2013-12/2014-01
930797982,4.4,40,USGS_LPC_KS_Area1_2014_LAS_2015,2013-12/2014-01
930797983,4.6,38,USGS_LPC_KS_Area1_2014_LAS_2015,2013-12/2014-01
930797984,6.2,70,USGS_LPC_KS_Area1_2014_LAS_2015,2013-12/2014-01
930797985,5.2,39,USGS_LPC_KS_Area1_2014_LAS_2015,2013-12/2014-01
930797986,4.0,27,USGS_LPC_KS_Area1_2014_LAS_2015,2013-12/2014-01
930797987,5.7,46,USGS_LPC_KS_Area1_2014_LAS_2015,2013-12/2014-01
930797988,7.0,51,USGS_LPC_KS_Area1_2014_LAS_2015,2013-12/2014-01
930797989,5.6,56,USGS_LPC_KS_Area1_2014_LAS_2015,2013-12/2014-01
930797990,3.3,16,USGS_LPC_KS_Area1_2014_LAS_2015,2013-12/2014-01
930797992,2.5,9,USGS_LPC_KS_Area1_2014_LAS_2015,2013-12/2014-01
930797993,4.7,61,USGS_LPC_KS_Area1_2014_LAS_2015,2013-12/2014-01
930797994,5.2,44,USGS_LPC_KS_Area1_2014_LAS_2015,2013-12/2014-01
930797995,2.5,9,USGS_LPC_KS_Area1_2014_LAS_2015,2013-12/2014-01
930797996,5.1,44,USGS_LPC_KS_Area1_2014_LAS_2015,2013-12/2014-01
930797997,5.9,40,USGS_LPC_KS_Area1_2014_LAS_2015,2013-12/2014-01
930797998,5.1,56,USGS_LPC_KS_Area1_2014_LAS_2015,2013-12/2014-01
930797999,5.6,29,USGS_LPC_KS_Area1_2014_LAS_2015,2013-12/2014-01
930798000,5.3,48,USGS_LPC_KS_Area1_2014_LAS_2015,2013-12/2014-01
930798001,6.0,41,USGS_LPC_KS_Area1_2014_LAS_2015,2013-12/2014-01
930798002,4.5,25,USGS_LPC_KS_Area1_2014_LAS_2015,2013-12/2014-01
930798003,5.5,37,USGS_LPC_KS_Area1_2014_LAS_2015,2013-12/2014-01
930798004,4.0,38,USGS_LPC_KS_Area1_2014_LAS_2015,2013-12/2014-01
931893640,5.8,28,USGS_LPC_KS_Area1_2014_LAS_2015,2013-12/2014-01
931893641,5.7,36,USGS_LPC_KS_Area1_2014_LAS_2015,2013-12/2014-01
931893642,5.4,36,USGS_LPC_KS_Area1_2014_LAS_2015,2013-12/2014-01
931893643,4.9,21,USGS_LPC_KS_Area1_2014_LAS_2015,2013-12/2014-01
931893644,5.0,30,USGS_LPC_KS_Area1_2014_LAS_2015,2013-12/2014-01
931893645,4.9,27,USGS_LPC_KS_Area1_2014_LAS_2015,2013-12/2014-01
931893646,3.1,27,USGS_LPC_KS_Area1_2014_LAS_2015,2013-12/2014-01
931893647,2.9,16,USGS_LPC_KS_Area1_2014_LAS_2015,2013-12/2014-01
931893648,3.9,21,USGS_LPC_KS_Area1_2014_LAS_2015,2013-12/2014-01
931893649,5.6,28,USGS_LPC_KS_Area1_2014_LAS_2015,2013-12/2014-01
931893651,5.6,32,USGS_LPC_KS_Area1_2014_LAS_2015,2013-12/2014-01
931893652,5.6,31,USGS_LPC_KS_Area1_2014_LAS_2015,2013-12/2014-01
931893653,4.3,21,USGS_LPC_KS_Area1_2014_LAS_2015,2013-12/2014-01
931893654,3.9,16,USGS_LPC_KS_Area1_2014_LAS_2015,2013-12/2014-01
931893655,4.1,22,USGS_LPC_KS_Area1_2014_LAS_2015,2013-12/2014-01
931893656,5.2,18,USGS_LPC_KS_Area1_2014_LAS_2015,2013-12/2014-01
931893657,3.7,38,USGS_LPC_KS_Area1_2014_LAS_2015,2013-12/2014-01
965213896,23.9,147,USGS_LPC_KS_Area1_2014_LAS_2015,2013-12/2014-01
965214125,17.8,34,USGS_LPC_KS_Area1_2014_LAS_2015,2013-12/2014-01
965214821,13.4,174,USGS_LPC_KS_Area1_2014_LAS_2015,2013-12/2014-01
965217139,18.2,208,USGS_LPC_KS_Area1_2014_LAS_2015,2013-12/2014-01
965217140,17.8,39,USGS_LPC_KS_Area1_2014_LAS_2015,2013-12/2014-01
965217141,5.1,91,USGS_LPC_KS_Area1_2014_LAS_2015,2013-12/2014-01
965458767,11.0,170,USGS_LPC_KS_Area1_2014_LAS_2015,2013-12/2014-01
965458768,12.5,183,USGS_LPC_KS_Area1_2014_LAS_2015,2013-12/2014-01
985973993,4.9,8,USGS_LPC_KS_Area1_2014_LAS_2015,2013-12/2014-01
985973994,4.6,8,USGS_LPC_KS_Area1_2014_LAS_2015,2013-12/2014-01
985973995,4.9,9,USGS_LPC_KS_Area1_2014_LAS_2015,2013-12/2014-01
985973996,6.4,7,USGS_LPC_KS_Area1_2014_LAS_2015,2013-12/2014-01
985973997,5.6,7,USGS_LPC_KS_Area1_2014_LAS_2015,2013-12/2014-01
985973998,6.0,7,USGS_LPC_KS_Area1_2014_LAS_2015,2013-12/2014-01
985973999,7.6,7,USGS_LPC_KS_Area1_2014_LAS_2015,2013-12/2014-01
985974000,7.8,8,USGS_LPC_KS_Area1_2014_LAS_2015,2013-12/2014-01
988350627,8.7,52,USGS_LPC_KS_Area1_2014_LAS_2015,2013-12/2014-01
988350628,5.2,32,USGS_LPC_KS_Area1_2014_LAS_2015,2013-12/2014-01
988350629,5.6,48,USGS_LPC_KS_Area1_2014_LAS_2015,2013-12/2014-01
988350630,3.2,18,USGS_LPC_KS_Area1_2014_LAS_2015,2013-12/2014-01
988350632,3.4,16,USGS_LPC_KS_Area1_2014_LAS_2015,2013-12/2014-01
988350634,3.4,27,USGS_LPC_KS_Area1_2014_LAS_2015,2013-12/2014-01
988350635,3.4,28,USGS_LPC_KS_Area1_2014_LAS_2015,2013-12/2014-01
988350636,5.0,20,USGS_LPC_KS_Area1_2014_LAS_2015,2013-12/2014-01
988350637,6.8,53,USGS_LPC_KS_Area1_2014_LAS_2015,2013-12/2014-01
988350638,3.9,9,USGS_LPC_KS_Area1_2014_LAS_2015,2013-12/2014-01
988350639,5.4,32,USGS_LPC_KS_Area1_2014_LAS_2015,2013-12/2014-01
988350640,5.0,32,USGS_LPC_KS_Area1_2014_LAS_2015,2013-12/2014-01
988350641,5.2,23,USGS_LPC_KS_Area1_2014_LAS_2015,2013-12/2014-01
988350644,4.4,32,USGS_LPC_KS_Area1_2014_LAS_2015,2013-12/2014-01
988350646,4.9,30,USGS_LPC_KS_Area1_2014_LAS_2015,2013-12/2014-01
988350648,3.7,24,USGS_LPC_KS_Area1_2014_LAS_2015,2013-12/2014-01
988350649,4.1,20,USGS_LPC_KS_Area1_2014_LAS_2015,2013-12/2014-01
988350650,6.1,40,USGS_LPC_KS_Area1_2014_LAS_2015,2013-12/2014-01
988350651,5.4,40,USGS_LPC_KS_Area1_2014_LAS_2015,2013-12/2014-01
988350652,5.8,21,USGS_LPC_KS_Area1_2014_LAS_2015,2013-12/2014-01
988350653,5.5,42,USGS_LPC_KS_Area1_2014_LAS_2015,2013-12/2014-01
988350654,5.5,9,USGS_LPC_KS_Area1_2014_LAS_2015,2013-12/2014-01
988350655,5.2,22,USGS_LPC_KS_Area1_2014_LAS_2015,2013-12/2014-01
988350656,4.9,28,USGS_LPC_KS_Area1_2014_LAS_2015,2013-12/2014-01
988350657,5.0,30,USGS_LPC_KS_Area1_2014_LAS_2015,2013-12/2014-01
988350659,4.9,30,USGS_LPC_KS_Area1_2014_LAS_2015,2013-12/2014-01
988350661,4.7,41,USGS_LPC_KS_Area1_2014_LAS_2015,2013-12/2014-01
988350662,3.7,16,USGS_LPC_KS_Area1_2014_LAS_2015,2013-12/2014-01
988350663,6.6,36,USGS_LPC_KS_Area1_2014_LAS_2015,2013-12/2014-01
988350664,3.0,12,USGS_LPC_KS_Area1_2014_LAS_2015,2013-12/2014-01
988350666,6.8,28,USGS_LPC_KS_Area1_2014_LAS_2015,2013-12/2014-01
988350669,11.1,988,USGS_LPC_KS_Area1_2014_LAS_2015,2013-12/2014-01
988350671,4.1,12,USGS_LPC_KS_Area1_2014_LAS_2015,2013-12/2014-01
988350672,4.1,9,USGS_LPC_KS_Area1_2014_LAS_2015,2013-12/2014-01
988350673,7.8,24,USGS_LPC_KS_Area1_2014_LAS_2015,2013-12/2014-01
988350674,8.0,40,USGS_LPC_KS_Area1_2014_LAS_2015,2013-12/2014-01
988350675,5.3,78,USGS_LPC_KS_Area1_2014_LAS_2015,2013-12/2014-01
988350676,6.7,20,USGS_LPC_KS_Area1_2014_LAS_2015,2013-12/2014-01
988350677,6.2,35,USGS_LPC_KS_Area1_2014_LAS_2015,2013-12/2014-01
988350678,8.2,51,USGS_LPC_KS_Area1_2014_LAS_2015,2013-12/2014-01
988350679,2.5,9,USGS_LPC_KS_Area1_2014_LAS_2015,2013-12/2014-01
988350680,3.5,15,USGS_LPC_KS_Area1_2014_LAS_2015,2013-12/2014-01
988350681,6.7,28,USGS_LPC_KS_Area1_2014_LAS_2015,2013-12/2014-01
988350682,3.8,23,USGS_LPC_KS_Area1_2014_LAS_2015,2013-12/2014-01
988350683,6.1,28,USGS_LPC_KS_Area1_2014_LAS_2015,2013-12/2014-01
988351710,3.5,12,USGS_LPC_KS_Area1_2014_LAS_2015,2013-12/2014-01
988351712,6.3,12,USGS_LPC_KS_Area1_2014_LAS_2015,2013-12/2014-01
988351714,2.9,8,USGS_LPC_KS_Area1_2014_LAS_2015,2013-12/2014-01
988351716,4.5,25,USGS_LPC_KS_Area1_2014_LAS_2015,2013-12/2014-01
988351717,4.7,29,USGS_LPC_KS_Area1_2014_LAS_2015,2013-12/2014-01
988351719,4.3,16,USGS_LPC_KS_Area1_2014_LAS_2015,2013-12/2014-01
988351720,5.4,4,USGS_LPC_KS_Area1_2014_LAS_2015,2013-12/2014-01
988351722,4.6,24,USGS_LPC_KS_Area1_2014_LAS_2015,2013-12/2014-01
988351723,3.6,44,USGS_LPC_KS_Area1_2014_LAS_2015,2013-12/2014-01
988351724,3.7,20,USGS_LPC_KS_Area1_2014_LAS_2015,2013-12/2014-01
988351725,5.4,19,USGS_LPC_KS_Area1_2014_LAS_2015,2013-12/2014-01
988351726,5.5,26,USGS_LPC_KS_Area1_2014_LAS_2015,2013-12/2014-01
988351727,5.9,31,USGS_LPC_KS_Area1_2014_LAS_2015,2013-12/2014-01
988351728,4.2,31,USGS_LPC_KS_Area1_2014_LAS_2015,2013-12/2014-01
988351729,3.8,16,USGS_LPC_KS_Area1_2014_LAS_2015,2013-12/2014-01
988351730,3.9,20,USGS_LPC_KS_Area1_2014_LAS_2015,2013-12/2014-01
988351731,4.5,26,USGS_LPC_KS_Area1_2014_LAS_2015,2013-12/2014-01
988351732,4.2,24,USGS_LPC_KS_Area1_2014_LAS_2015,2013-12/2014-01
988351733,5.8,45,USGS_LPC_KS_Area1_2014_LAS_2015,2013-12/2014-01
988351734,4.7,28,USGS_LPC_KS_Area1_2014_LAS_2015,2013-12/2014-01
988351735,5.3,43,USGS_LPC_KS_Area1_2014_LAS_2015,2013-12/2014-01
988351736,5.9,59,USGS_LPC_KS_Area1_2014_LAS_2015,2013-12/2014-01
988351737,5.7,35,USGS_LPC_KS_Area1_2014_LAS_2015,2013-12/2014-01
988351738,4.3,30,USGS_LPC_KS_Area1_2014_LAS_2015,2013-12/2014-01
988351739,4.6,32,USGS_LPC_KS_Area1_2014_LAS_2015,2013-12/2014-01
988351740,7.2,24,USGS_LPC_KS_Area1_2014_LAS_2015,2013-12/2014-01
988351742,5.1,42,USGS_LPC_KS_Area1_2014_LAS_2015,2013-12/2014-01
988351743,2.5,6,USGS_LPC_KS_Area1_2014_LAS_2015,2013-12/2014-01
988351745,7.1,46,USGS_LPC_KS_Area1_2014_LAS_2015,2013-12/2014-01
988351746,2.6,8,USGS_LPC_KS_Area1_2014_LAS_2015,2013-12/2014-01
988351747,5.4,50,USGS_LPC_KS_Area1_2014_LAS_2015,2013-12/2014-01
988351748,3.1,12,USGS_LPC_KS_Area1_2014_LAS_2015,2013-12/2014-01
988351749,5.5,29,USGS_LPC_KS_Area1_2014_LAS_2015,2013-12/2014-01
988351750,5.5,31,USGS_LPC_KS_Area1_2014_LAS_2015,2013-12/2014-01
988351751,4.6,28,USGS_LPC_KS_Area1_2014_LAS_2015,2013-12/2014-01
988351753,4.5,28,USGS_LPC_KS_Area1_2014_LAS_2015,2013-12/2014-01
988351754,3.5,35,USGS_LPC_KS_Area1_2014_LAS_2015,2013-12/2014-01
988351755,4.8,28,USGS_LPC_KS_Area1_2014_LAS_2015,2013-12/2014-01
988351756,4.5,40,USGS_LPC_KS_Area1_2014_LAS_2015,2013-12/2014-01
988351757,6.7,32,USGS_LPC_KS_Area1_2014_LAS_2015,2013-12/2014-01
988351758,4.1,20,USGS_LPC_KS_Area1_2014_LAS_2015,2013-12/2014-01
988351759,5.3,27,USGS_LPC_KS_Area1_2014_LAS_2015,2013-12/2014-01
988351760,4.1,15,USGS_LPC_KS_Area1_2014_LAS_2015,2013-12/2014-01
988351761,6.4,38,USGS_LPC_KS_Area1_2014_LAS_2015,2013-12/2014-01
988351762,4.6,28,USGS_LPC_KS_Area1_2014_LAS_2015,2013-12/2014-01
988351763,4.7,45,USGS_LPC_KS_Area1_2014_LAS_2015,2013-12/2014-01
988351764,5.2,36,USGS_LPC_KS_Area1_2014_LAS_2015,2013-12/2014-01
988351765,4.0,23,USGS_LPC_KS_Area1_2014_LAS_2015,2013-12/2014-01
988351766,5.0,24,USGS_LPC_KS_Area1_2014_LAS_2015,2013-12/2014-01
988351767,5.0,22,USGS_LPC_KS_Area1_2014_LAS_2015,2013-12/2014-01
988351768,5.2,43,USGS_LPC_KS_Area1_2014_LAS_2015,2013-12/2014-01
988351769,4.7,24,USGS_LPC_KS_Area1_2014_LAS_2015,2013-12/2014-01
988351770,4.6,33,USGS_LPC_KS_Area1_2014_LAS_2015,2013-12/2014-01
988351771,5.2,44,USGS_LPC_KS_Area1_2014_LAS_2015,2013-12/2014-01
988351772,4.5,39,USGS_LPC_KS_Area1_2014_LAS_2015,2013-12/2014-01
988351773,6.8,39,USGS_LPC_KS_Area1_2014_LAS_2015,2013-12/2014-01
988351774,2.7,6,USGS_LPC_KS_Area1_2014_LAS_2015,2013-12/2014-01
988351775,6.2,33,USGS_LPC_KS_Area1_2014_LAS_2015,2013-12/2014-01
988351776,5.4,29,USGS_LPC_KS_Area1_2014_LAS_2015,2013-12/2014-01
988351777,4.2,31,USGS_LPC_KS_Area1_2014_LAS_2015,2013-12/2014-01
988351778,5.1,25,USGS_LPC_KS_Area1_2014_LAS_2015,2013-12/2014-01
988351779,3.8,19,USGS_LPC_KS_Area1_2014_LAS_2015,2013-12/2014-01
988351781,3.9,57,USGS_LPC_KS_Area1_2014_LAS_2015,2013-12/2014-01
988352374,4.5,28,USGS_LPC_KS_Area1_2014_LAS_2015,2013-12/2014-01
988352375,3.1,15,USGS_LPC_KS_Area1_2014_LAS_2015,2013-12/2014-01
988352470,4.1,4,USGS_LPC_KS_Area1_2014_LAS_2015,2013-12/2014-01
988353235,3.7,36,USGS_LPC_KS_Area1_2014_LAS_2015,2013-12/2014-01
1003732956,3.3,31,USGS_LPC_KS_Area1_2014_LAS_2015,2013-12/2014-01
1003732957,3.9,24,USGS_LPC_KS_Area1_2014_LAS_2015,2013-12/2014-01
1003732958,4.4,37,USGS_LPC_KS_Area1_2014_LAS_2015,2013-12/2014-01
1003732960,3.8,26,USGS_LPC_KS_Area1_2014_LAS_2015,2013-12/2014-01
1003732987,3.2,31,USGS_LPC_KS_Area1_2014_LAS_2015,2013-12/2014-01
1003732988,3.4,29,USGS_LPC_KS_Area1_2014_LAS_2015,2013-12/2014-01
1003738328,6.5,43,USGS_LPC_KS_Area1_2014_LAS_2015,2013-12/2014-01
1003769677,6.0,337,USGS_LPC_KS_Area1_2014_LAS_2015,2013-12/2014-01
1003840178,4.5,96,USGS_LPC_KS_Area1_2014_LAS_2015,2013-12/2014-01
1003840179,3.5,6,USGS_LPC_KS_Area1_2014_LAS_2015,2013-12/2014-01
1003840184,3.3,18,USGS_LPC_KS_Area1_2014_LAS_2015,2013-12/2014-01
1003840189,3.0,22,USGS_LPC_KS_Area1_2014_LAS_2015,2013-12/2014-01
1066009640,5.1,66,USGS_LPC_KS_Area1_2014_LAS_2015,2013-12/2014-01
1066011997,3.7,24,USGS_LPC_KS_Area1_2014_LAS_2015,2013-12/2014-01
1066011999,3.2,13,USGS_LPC_KS_Area1_2014_LAS_2015,2013-12/2014-01
1066012000,5.5,131,USGS_LPC_KS_Area1_2014_LAS_2015,2013-12/2014-01
1066012001,3.9,17,USGS_LPC_KS_Area1_2014_LAS_2015,2013-12/2014-01
1066012002,4.6,24,USGS_LPC_KS_Area1_2014_LAS_2015,2013-12/2014-01
1066012003,3.2,16,USGS_LPC_KS_Area1_2014_LAS_2015,2013-12/2014-01
1066012004,3.5,36,USGS_LPC_KS_Area1_2014_LAS_2015,2013-12/2014-01
1066012005,2.6,31,USGS_LPC_KS_Area1_2014_LAS_2015,2013-12/2014-01
1066012007,3.1,14,USGS_LPC_KS_Area1_2014_LAS_2015,2013-12/2014-01
1066012008,4.4,27,USGS_LPC_KS_Area1_2014_LAS_2015,2013-12/2014-01
1066012009,3.1,19,USGS_LPC_KS_Area1_2014_LAS_2015,2013-12/2014-01
1066012010,5.8,279,USGS_LPC_KS_Area1_2014_LAS_2015,2013-12/2014-01
1066012011,4.9,72,USGS_LPC_KS_Area1_2014_LAS_2015,2013-12/2014-01
1103519404,19.3,284,USGS_LPC_KS_Area1_2014_LAS_2015,2013-12/2014-01
1167622511,3.7,47,USGS_LPC_KS_Area1_2014_LAS_2015,2013-12/2014-01
1167622512,6.3,23,USGS_LPC_KS_Area1_2014_LAS_2015,2013-12/2014-01
1167622513,4.6,27,USGS_LPC_KS_Area1_2014_LAS_2015,2013-12/2014-01
1167622514,4.3,68,USGS_LPC_KS_Area1_2014_LAS_2015,2013-12/2014-01
1167622515,6.9,56,USGS_LPC_KS_Area1_2014_LAS_2015,2013-12/2014-01
1167622516,5.7,28,USGS_LPC_KS_Area1_2014_LAS_2015,2013-12/2014-01
1167622517,8.4,57,USGS_LPC_KS_Area1_2014_LAS_2015,2013-12/2014-01
1167622518,2.7,11,USGS_LPC_KS_Area1_2014_LAS_2015,2013-12/2014-01
1167622519,5.2,37,USGS_LPC_KS_Area1_2014_LAS_2015,2013-12/2014-01
1235099456,6.7,97,USGS_LPC_KS_Area1_2014_LAS_2015,2013-12/2014-01
1235099458,11.3,647,USGS_LPC_KS_Area1_2014_LAS_2015,2013-12/2014-01
1235099460,3.9,315,USGS_LPC_KS_Area1_2014_LAS_2015,2013-12/2014-01
1235099461,4.4,1430,USGS_LPC_KS_Area1_2014_LAS_2015,2013-12/2014-01
1235099462,6.3,126,USGS_LPC_KS_Area1_2014_LAS_2015,2013-12/2014-01
1235099463,8.5,475,USGS_LPC_KS_Area1_2014_LAS_2015,2013-12/2014-01
1257113034,5.1,73,USGS_LPC_KS_Area1_2014_LAS_2015,2013-12/2014-01
1257113035,5.0,43,USGS_LPC_KS_Area1_2014_LAS_2015,2013-12/2014-01
1286838939,6.4,27,USGS_LPC_KS_Area1_2014_LAS_2015,2013-12/2014-01
1286838940,5.6,42,USGS_LPC_KS_Area1_2014_LAS_2015,2013-12/2014-01
1286838941,5.2,16,USGS_LPC_KS_Area1_2014_LAS_2015,2013-12/2014-01
1286838942,6.9,27,USGS_LPC_KS_Area1_2014_LAS_2015,2013-12/2014-01
1286838943,4.6,18,USGS_LPC_KS_Area1_2014_LAS_2015,2013-12/2014-01
1286838944,8.7,24,USGS_LPC_KS_Area1_2014_LAS_2015,2013-12/2014-01
1286838946,6.2,33,USGS_LPC_KS_Area1_2014_LAS_2015,2013-12/2014-01
1286838947,3.2,11,USGS_LPC_KS_Area1_2014_LAS_2015,2013-12/2014-01
1286838948,5.8,20,USGS_LPC_KS_Area1_2014_LAS_2015,2013-12/2014-01
1286838949,6.4,26,USGS_LPC_KS_Area1_2014_LAS_2015,2013-12/2014-01
1286838950,5.3,33,USGS_LPC_KS_Area1_2014_LAS_2015,2013-12/2014-01
1286838951,5.1,32,USGS_LPC_KS_Area1_2014_LAS_2015,2013-12/2014-01
1286838952,6.6,33,USGS_LPC_KS_Area1_2014_LAS_2015,2013-12/2014-01
1286838953,2.8,10,USGS_LPC_KS_Area1_2014_LAS_2015,2013-12/2014-01
1286838954,4.5,38,USGS_LPC_KS_Area1_2014_LAS_2015,2013-12/2014-01
1286838955,2.9,12,USGS_LPC_KS_Area1_2014_LAS_2015,2013-12/2014-01
1286838956,3.2,11,USGS_LPC_KS_Area1_2014_LAS_2015,2013-12/2014-01
1286838957,5.7,49,USGS_LPC_KS_Area1_2014_LAS_2015,2013-12/2014-01
1286838958,8.7,43,USGS_LPC_KS_Area1_2014_LAS_2015,2013-12/2014-01
1286838959,5.7,37,USGS_LPC_KS_Area1_2014_LAS_2015,2013-12/2014-01
1286838960,6.2,26,USGS_LPC_KS_Area1_2014_LAS_2015,2013-12/2014-01
1286838961,6.5,59,USGS_LPC_KS_Area1_2014_LAS_2015,2013-12/2014-01
1286838962,5.1,25,USGS_LPC_KS_Area1_2014_LAS_2015,2013-12/2014-01
1286838963,5.5,48,USGS_LPC_KS_Area1_2014_LAS_2015,2013-12/2014-01
1286838964,3.4,10,USGS_LPC_KS_Area1_2014_LAS_2015,2013-12/2014-01
1286838965,9.8,586,USGS_LPC_KS_Area1_2014_LAS_2015,2013-12/2014-01
1286838966,4.1,26,USGS_LPC_KS_Area1_2014_LAS_2015,2013-12/2014-01
1286838967,10.3,178,USGS_LPC_KS_Area1_2014_LAS_2015,2013-12/2014-01
1286838968,8.1,59,USGS_LPC_KS_Area1_2014_LAS_2015,2013-12/2014-01
1286838969,4.8,33,USGS_LPC_KS_Area1_2014_LAS_2015,2013-12/2014-01
1286838970,5.6,150,USGS_LPC_KS_Area1_2014_LAS_2015,2013-12/2014-01
1286838971,5.3,180,USGS_LPC_KS_Area1_2014_LAS_2015,2013-12/2014-01
1286838972,5.6,52,USGS_LPC_KS_Area1_2014_LAS_2015,2013-12/2014-01
1286838974,6.5,54,USGS_LPC_KS_Area1_2014_LAS_2015,2013-12/2014-01
1286838975,3.2,32,USGS_LPC_KS_Area1_2014_LAS_2015,2013-12/2014-01
1286838976,7.8,351,USGS_LPC_KS_Area1_2014_LAS_2015,2013-12/2014-01
1286838977,4.8,183,USGS_LPC_KS_Area1_2014_LAS_2015,2013-12/2014-01
1286838978,5.4,120,USGS_LPC_KS_Area1_2014_LAS_2015,2013-12/2014-01
1286838979,6.2,324,USGS_LPC_KS_Area1_2014_LAS_2015,2013-12/2014-01
1286838980,4.7,46,USGS_LPC_KS_Area1_2014_LAS_2015,2013-12/2014-01
1286838981,4.2,114,USGS_LPC_KS_Area1_2014_LAS_2015,2013-12/2014-01
1286838982,5.5,203,USGS_LPC_KS_Area1_2014_LAS_2015,2013-12/2014-01
1286838983,7.9,13,USGS_LPC_KS_Area1_2014_LAS_2015,2013-12/2014-01
1286838984,6.4,91,USGS_LPC_KS_Area1_2014_LAS_2015,2013-12/2014-01
1286838985,6.4,441,USGS_LPC_KS_Area1_2014_LAS_2015,2013-12/2014-01
1286838986,3.3,15,USGS_LPC_KS_Area1_2014_LAS_2015,2013-12/2014-01
1286838987,6.0,94,USGS_LPC_KS_Area1_2014_LAS_2015,2013-12/2014-01
1286838988,5.7,571,USGS_LPC_KS_Area1_2014_LAS_2015,2013-12/2014-01
1286838989,7.0,348,USGS_LPC_KS_Area1_2014_LAS_2015,2013-12/2014-01
1286838990,15.2,153,USGS_LPC_KS_Area1_2014_LAS_2015,2013-12/2014-01
1286838991,7.7,349,USGS_LPC_KS_Area1_2014_LAS_2015,2013-12/2014-01
1286838992,4.2,46,USGS_LPC_KS_Area1_2014_LAS_2015,2013-12/2014-01
1286838993,4.2,37,USGS_LPC_KS_Area1_2014_LAS_2015,2013-12/2014-01
1286838996,6.3,243,USGS_LPC_KS_Area1_2014_LAS_2015,2013-12/2014-01
1286838997,3.1,32,USGS_LPC_KS_Area1_2014_LAS_2015,2013-12/2014-01
1286838998,6.0,29,USGS_LPC_KS_Area1_2014_LAS_2015,2013-12/2014-01
1286838999,6.3,41,USGS_LPC_KS_Area1_2014_LAS_2015,2013-12/2014-01
1286839000,4.9,18,USGS_LPC_KS_Area1_2014_LAS_2015,2013-12/2014-01
1286839001,4.4,24,USGS_LPC_KS_Area1_2014_LAS_2015,2013-12/2014-01
1286839002,4.3,235,USGS_LPC_KS_Area1_2014_LAS_2015,2013-12/2014-01
1286839003,5.3,217,USGS_LPC_KS_Area1_2014_LAS_2015,2013-12/2014-01
1286839004,4.0,100,USGS_LPC_KS_Area1_2014_LAS_2015,2013-12/2014-01
1286839005,5.3,288,USGS_LPC_KS_Area1_2014_LAS_2015,2013-12/2014-01
1286839006,5.4,47,USGS_LPC_KS_Area1_2014_LAS_2015,2013-12/2014-01
1286839007,4.2,45,USGS_LPC_KS_Area1_2014_LAS_2015,2013-12/2014-01
1286839008,5.4,47,USGS_LPC_KS_Area1_2014_LAS_2015,2013-12/2014-01
1286839009,3.7,29,USGS_LPC_KS_Area1_2014_LAS_2015,2013-12/2014-01
1286839010,4.0,44,USGS_LPC_KS_Area1_2014_LAS_2015,2013-12/2014-01
1286839011,4.6,18,USGS_LPC_KS_Area1_2014_LAS_2015,2013-12/2014-01
1286839012,4.7,29,USGS_LPC_KS_Area1_2014_LAS_2015,2013-12/2014-01
1286839013,3.1,15,USGS_LPC_KS_Area1_2014_LAS_2015,2013-12/2014-01
1286839032,4.2,45,USGS_LPC_KS_Area1_2014_LAS_2015,2013-12/2014-01
1286839033,8.0,1588,USGS_LPC_KS_Area1_2014_LAS_2015,2013-12/2014-01
1286839034,6.2,98,USGS_LPC_KS_Area1_2014_LAS_2015,2013-12/2014-01
1286839035,12.7,548,USGS_LPC_KS_Area1_2014_LAS_2015,2013-12/2014-01
1286839036,4.7,27,USGS_LPC_KS_Area1_2014_LAS_2015,2013-12/2014-01
1286839037,4.0,16,USGS_LPC_KS_Area1_2014_LAS_2015,2013-12/2014-01
1286839039,4.0,22,USGS_LPC_KS_Area1_2014_LAS_2015,2013-12/2014-01
1286839040,4.3,23,USGS_LPC_KS_Area1_2014_LAS_2015,2013-12/2014-01
1286839041,5.2,29,USGS_LPC_KS_Area1_2014_LAS_2015,2013-12/2014-01
1286839042,2.8,12,USGS_LPC_KS_Area1_2014_LAS_2015,2013-12/2014-01
1286839043,3.8,16,USGS_LPC_KS_Area1_2014_LAS_2015,2013-12/2014-01
1286839044,3.6,20,USGS_LPC_KS_Area1_2014_LAS_2015,2013-12/2014-01
1286839045,3.1,19,USGS_LPC_KS_Area1_2014_LAS_2015,2013-12/2014-01
1286839046,4.6,22,USGS_LPC_KS_Area1_2014_LAS_2015,2013-12/2014-01
1286839047,3.7,16,USGS_LPC_KS_Area1_2014_LAS_2015,2013-12/2014-01
1286839048,4.5,23,USGS_LPC_KS_Area1_2014_LAS_2015,2013-12/2014-01
1286839049,4.1,9,USGS_LPC_KS_Area1_2014_LAS_2015,2013-12/2014-01
1286839050,5.4,25,USGS_LPC_KS_Area1_2014_LAS_2015,2013-12/2014-01
1286839051,4.5,44,USGS_LPC_KS_Area1_2014_LAS_2015,2013-12/2014-01
1286839053,4.3,42,USGS_LPC_KS_Area1_2014_LAS_2015,2013-12/2014-01
1286839054,4.8,43,USGS_LPC_KS_Area1_2014_LAS_2015,2013-12/2014-01
1286839055,5.3,38,USGS_LPC_KS_Area1_2014_LAS_2015,2013-12/2014-01
1286839056,4.1,42,USGS_LPC_KS_Area1_2014_LAS_2015,2013-12/2014-01
1286839057,4.0,21,USGS_LPC_KS_Area1_2014_LAS_2015,2013-12/2014-01
1286839058,6.5,27,USGS_LPC_KS_Area1_2014_LAS_2015,2013-12/2014-01
1286839059,4.7,13,USGS_LPC_KS_Area1_2014_LAS_2015,2013-12/2014-01
1286839060,5.0,31,USGS_LPC_KS_Area1_2014_LAS_2015,2013-12/2014-01
1286839063,4.2,53,USGS_LPC_KS_Area1_2014_LAS_2015,2013-12/2014-01
1286839064,3.4,15,USGS_LPC_KS_Area1_2014_LAS_2015,2013-12/2014-01
1286839065,4.3,50,USGS_LPC_KS_Area1_2014_LAS_2015,2013-12/2014-01
1287199267,5.7,99,USGS_LPC_KS_Area1_2014_LAS_2015,2013-12/2014-01
1317034612,6.3,283,USGS_LPC_KS_Area1_2014_LAS_2015,2013-12/2014-01
1317034617,5.5,147,USGS_LPC_KS_Area1_2014_LAS_2015,2013-12/2014-01
1317034618,9.6,188,USGS_LPC_KS_Area1_2014_LAS_2015,2013-12/2014-01
1349324227,9.9,726,USGS_LPC_KS_Area1_2014_LAS_2015,2013-12/2014-01
1349324228,9.8,518,USGS_LPC_KS_Area1_2014_LAS_2015,2013-12/2014-01
1349324229,11.0,98,USGS_LPC_KS_Area1_2014_LAS_2015,2013-12/2014-01
1349324230,9.6,566,USGS_LPC_KS_Area1_2014_LAS_2015,2013-12/2014-01
1349324231,11.0,744,USGS_LPC_KS_Area1_2014_LAS_2015,2013-12/2014-01
1349324232,5.8,356,USGS_LPC_KS_Area1_2014_LAS_2015,2013-12/2014-01
1349324233,5.5,500,USGS_LPC_KS_Area1_2014_LAS_2015,2013-12/2014-01
1349324234,7.9,315,USGS_LPC_KS_Area1_2014_LAS_2015,2013-12/2014-01
1349324235,5.3,153,USGS_LPC_KS_Area1_2014_LAS_2015,2013-12/2014-01
1349324236,13.5,241,USGS_LPC_KS_Area1_2014_LAS_2015,2013-12/2014-01
1349324237,9.4,58,USGS_LPC_KS_Area1_2014_LAS_2015,2013-12/2014-01
1349324238,9.1,400,USGS_LPC_KS_Area1_2014_LAS_2015,2013-12/2014-01
1349324239,10.7,346,USGS_LPC_KS_Area1_2014_LAS_2015,2013-12/2014-01
1349324240,8.0,141,USGS_LPC_KS_Area1_2014_LAS_2015,2013-12/2014-01
1373473444,4.7,99,USGS_LPC_KS_Area1_2014_LAS_2015,2013-12/2014-01
1373473445,5.6,68,USGS_LPC_KS_Area1_2014_LAS_2015,2013-12/2014-01
1373473446,5.1,102,USGS_LPC_KS_Area1_2014_LAS_2015,2013-12/2014-01
1373473447,5.5,315,USGS_LPC_KS_Area1_2014_LAS_2015,2013-12/2014-01
1373473448,9.1,105,USGS_LPC_KS_Area1_2014_LAS_2015,2013-12/2014-01
1373473449,7.5,103,USGS_LPC_KS_Area1_2014_LAS_2015,2013-12/2014-01
1373473450,4.5,98,USGS_LPC_KS_Area1_2014_LAS_2015,2013-12/2014-01
1373473451,4.5,75,USGS_LPC_KS_Area1_2014_LAS_2015,2013-12/2014-01
1373473452,4.3,81,USGS_LPC_KS_Area1_2014_LAS_2015,2013-12/2014-01
1373473453,4.7,81,USGS_LPC_KS_Area1_2014_LAS_2015,2013-12/2014-01
1373473470,8.8,89,USGS_LPC_KS_Area1_2014_LAS_2015,2013-12/2014-01
1378100487,4.1,75,USGS_LPC_KS_Area1_2014_LAS_2015,2013-12/2014-01
1378100488,4.2,16,USGS_LPC_KS_Area1_2014_LAS_2015,2013-12/2014-01
1471756287,3.8,53,USGS_LPC_KS_Area1_2014_LAS_2015,2013-12/2014-01
1471756288,2.8,65,USGS_LPC_KS_Area1_2014_LAS_2015,2013-12/2014-01
